<?xml version="1.0" encoding="UTF-8"?>
  <SupportAssistPrebootDiagnosticLog>
    <Schema>1.0.0</Schema>
    <LogNumber>235</LogNumber>
    <LogTimeStamp>06/21/2025 11:43:39</LogTimeStamp>
    <ePSA_Data>
      <Result>Not Reported</Result>
      <ReturnCode>BOOT_F2</ReturnCode>
      <ePSAFullVersion>4304.14</ePSAFullVersion>
      <ePSAInvocationCount>1</ePSAInvocationCount>
    </ePSA_Data>
    <BIOS_Data>
      <ErrorCategory>MEMORY_CONFIG</ErrorCategory>
      <ErrorMessage><![CDATA[Alert! The amount of system memory has changed.]]></ErrorMessage>
      <SOS_Available>FALSE</SOS_Available>
      <TimeOutSeconds>0</TimeOutSeconds>
    </BIOS_Data>
  </SupportAssistPrebootDiagnosticLog>
